"","Trial","AverageR","MaxR","MinR","MinX"
"1",1,0.0764917797327412,0.0894713440692309,0.000775915449604156,-0.0888634232448618
"2",2,0.0764435715578883,0.0895819653930577,0.00223266663830854,-0.0890636075297205
"3",3,0.0764934221797328,0.0894114126317821,0.000333171194037037,-0.0890720110141726
"4",4,0.0768306902819244,0.0893979510465661,0.00327193291590665,-0.0890735083526172
